Title,Handle,Tag
New Arrivals,new-arrivals,new-arrivals
Jewelry,jewelry,jewelry
Clothing,clothing,clothing
Sale,sale,sale
Clearance,clearance,clearance
Necklace Sets,necklace-sets,necklace-sets
Earrings,earrings,earrings
Bangles & Bracelets,bangles-bracelets,bangles-bracelets
Rings,rings,rings
Bridal Accessories,bridal-accessories,bridal-accessories
American Diamond Necklace Sets,american-diamond-necklace-sets,american-diamond-necklace-sets
Kundan Necklace Sets,kundan-necklace-sets,kundan-necklace-sets
Temple Jewelry Necklace Sets,temple-jewelry-necklace-sets,temple-jewelry-necklace-sets
Traditional Necklace Sets,traditional-necklace-sets,traditional-necklace-sets
Oxidized Necklace Sets,oxidized-necklace-sets,oxidized-necklace-sets
Bridal Necklace Sets,bridal-necklace-sets,bridal-necklace-sets
Fusion / Contemporary Necklace Sets,fusion-contemporary-necklace-sets,fusion-contemporary-necklace-sets
Premium Necklace Sets,premium-necklace-sets,premium-necklace-sets
American Diamond Earrings,american-diamond-earrings,american-diamond-earrings
Kundan Earrings,kundan-earrings,kundan-earrings
Temple Earrings,temple-earrings,temple-earrings
Oxidized Earrings,oxidized-earrings,oxidized-earrings
Bangles,bangles,bangles
Kadas,kadas,kadas
American Diamond Bangles,american-diamond-bangles,american-diamond-bangles
Kundan Bangles,kundan-bangles,kundan-bangles
Temple Bangles,temple-bangles,temple-bangles
Oxidized Bangles,oxidized-bangles,oxidized-bangles
American Diamond Rings,american-diamond-rings,american-diamond-rings
Kundan Rings,kundan-rings,kundan-rings
Maang Tikka,maang-tikka,maang-tikka
Passa,passa,passa
Matha Patti,matha-patti,matha-patti
Hathphool,hathphool,hathphool
Bajuband,bajuband,bajuband
Waist Belt / Kamarband,waist-belt-kamarband,waist-belt-kamarband
Sarees,sarees,sarees
Banarasi Sarees,banarasi-sarees,banarasi-sarees
Kanchivaram Sarees,kanchivaram-sarees,kanchivaram-sarees
Bridal Sarees,bridal-sarees,bridal-sarees
Designer Sarees,designer-sarees,designer-sarees
Party Wear Sarees,party-wear-sarees,party-wear-sarees
Lehengas,lehengas,lehengas
Party Wear Lehenga,party-wear-lehenga,party-wear-lehenga
Dresses / Gowns,dresses-gowns,dresses-gowns
Indo Western,indo-western,indo-western
Anarkali,anarkali,anarkali
Party Wear Dresses,party-wear-dresses,party-wear-dresses
